{
  "properties": {
    "connectionReferences": {
      "shared_teams": {
        "runtimeSource": "embedded",
        "connection": {
          "connectionReferenceLogicalName": "ear_Teams"
        },
        "api": {
          "name": "shared_teams"
        }
      },
      "shared_rss": {
        "runtimeSource": "embedded",
        "connection": {
          "connectionReferenceLogicalName": "ear_sharedrss_36bb4"
        },
        "api": {
          "name": "shared_rss"
        }
      }
    },
    "definition": {
      "$schema": "https://schema.management.azure.com/providers/Microsoft.Logic/schemas/2016-06-01/workflowdefinition.json#",
      "contentVersion": "1.0.0.0",
      "parameters": {
        "$connections": {
          "defaultValue": {},
          "type": "Object"
        },
        "$authentication": {
          "defaultValue": {},
          "type": "SecureObject"
        }
      },
      "triggers": {
        "When_a_feed_item_is_published": {
          "recurrence": {
            "interval": 1,
            "frequency": "Minute"
          },
          "splitOn": "@triggerOutputs()?['body/value']",
          "metadata": {
            "operationMetadataId": "91e96e86-b844-4f7a-bf6e-9fb101b29e25"
          },
          "type": "OpenApiConnection",
          "inputs": {
            "host": {
              "connectionName": "shared_rss",
              "operationId": "OnNewFeed",
              "apiId": "/providers/Microsoft.PowerApps/apis/shared_rss"
            },
            "parameters": {
              "feedUrl": "https://powerpages.microsoft.com/en-us/blog/feed/",
              "sinceProperty": "PublishDate"
            },
            "authentication": "@parameters('$authentication')"
          }
        }
      },
      "actions": {
        "Scope_-_Extract_Details": {
          "actions": {
            "Compose_-_Title": {
              "runAfter": {},
              "metadata": {
                "operationMetadataId": "053bb0fb-11c2-46c5-a562-b8ab1b750ab6"
              },
              "type": "Compose",
              "inputs": "@triggerOutputs()?['body/title']"
            },
            "Compose_-_Link": {
              "runAfter": {
                "Compose_-_Title": [
                  "Succeeded"
                ]
              },
              "metadata": {
                "operationMetadataId": "1e823ed3-4694-46ab-aece-6bdd0e741ee5"
              },
              "type": "Compose",
              "inputs": "@triggerOutputs()?['body/primaryLink']"
            },
            "Compose_-_PublishDate": {
              "runAfter": {
                "Compose_-_Link": [
                  "Succeeded"
                ]
              },
              "metadata": {
                "operationMetadataId": "ef20158d-336e-48a9-b624-63b86e563f4e"
              },
              "type": "Compose",
              "inputs": "@substring(triggerOutputs()?['body/publishDate'],0,10)"
            },
            "Run_a_Child_Flow": {
              "runAfter": {
                "Compose_-_PublishDate": [
                  "Succeeded"
                ]
              },
              "metadata": {
                "operationMetadataId": "1d2826ae-6616-46d4-a392-dde09ef9b64b"
              },
              "type": "Workflow",
              "inputs": {
                "host": {
                  "workflowReferenceName": "17e3cd0a-f8e0-ed11-a7c6-000d3a4a19a0"
                },
                "body": {
                  "text": "@outputs('Compose_-_Title')",
                  "text_1": "@outputs('Compose_-_Link')",
                  "text_2": "@variables('varSource')",
                  "date": "@outputs('Compose_-_PublishDate')"
                }
              }
            },
            "Condition_-_Child_Flow_Failed": {
              "actions": {
                "Post_message_in_a_chat_or_channel_-_Child_Flow_Failed": {
                  "runAfter": {},
                  "metadata": {
                    "operationMetadataId": "3b3a8ee7-ad59-455e-a2ca-6be748502a7e"
                  },
                  "type": "OpenApiConnection",
                  "inputs": {
                    "host": {
                      "connectionName": "shared_teams",
                      "operationId": "PostMessageToConversation",
                      "apiId": "/providers/Microsoft.PowerApps/apis/shared_teams"
                    },
                    "parameters": {
                      "poster": "Flow bot",
                      "location": "Chat with Flow bot",
                      "body/recipient": "Al@eardley.org.uk;",
                      "body/messageBody": "<p>Call to Child Flow Failed - @{workflow().tags.flowDisplayName}</p>"
                    },
                    "authentication": "@parameters('$authentication')"
                  }
                }
              },
              "runAfter": {
                "Run_a_Child_Flow": [
                  "Succeeded"
                ]
              },
              "expression": {
                "equals": [
                  "@body('Run_a_Child_Flow')",
                  0
                ]
              },
              "metadata": {
                "operationMetadataId": "d160cd59-c268-46a8-aee9-d9f42fd94549"
              },
              "type": "If"
            }
          },
          "runAfter": {
            "Initialize_variable_-_varSource": [
              "Succeeded"
            ]
          },
          "metadata": {
            "operationMetadataId": "1d7f9242-ce38-42a9-9961-72e4708628b8"
          },
          "type": "Scope"
        },
        "Scope_-_Failure": {
          "actions": {
            "Post_message_in_a_chat_or_channel": {
              "runAfter": {},
              "metadata": {
                "operationMetadataId": "c049353a-65ac-482a-a0d5-5d8c9874467f"
              },
              "type": "OpenApiConnection",
              "inputs": {
                "host": {
                  "connectionName": "shared_teams",
                  "operationId": "PostMessageToConversation",
                  "apiId": "/providers/Microsoft.PowerApps/apis/shared_teams"
                },
                "parameters": {
                  "poster": "Flow bot",
                  "location": "Chat with Flow bot",
                  "body/recipient": "Al@eardley.org.uk;",
                  "body/messageBody": "<p>Flow Failed: @{workflow().tags.flowDisplayName}</p>"
                },
                "authentication": "@parameters('$authentication')"
              }
            },
            "Terminate": {
              "runAfter": {
                "Post_message_in_a_chat_or_channel": [
                  "Succeeded"
                ]
              },
              "metadata": {
                "operationMetadataId": "5875b4dd-6ce4-484e-85b5-04e9d921e9b1"
              },
              "type": "Terminate",
              "inputs": {
                "runStatus": "Failed",
                "runError": {
                  "code": "Failed",
                  "message": "Failed"
                }
              }
            }
          },
          "runAfter": {
            "Scope_-_Extract_Details": [
              "Failed",
              "Skipped",
              "TimedOut"
            ]
          },
          "metadata": {
            "operationMetadataId": "2d61dc08-658f-4842-92f7-a6182c674c59"
          },
          "type": "Scope"
        },
        "Initialize_variable_-_varSource": {
          "runAfter": {},
          "metadata": {
            "operationMetadataId": "794d36d9-0b9d-40b3-8f97-34ce6782465b"
          },
          "type": "InitializeVariable",
          "inputs": {
            "variables": [
              {
                "name": "varSource",
                "type": "string",
                "value": "Power Pages"
              }
            ]
          }
        }
      }
    },
    "templateName": ""
  },
  "schemaVersion": "1.0.0.0"
}