{
  "properties": {
    "connectionReferences": {
      "shared_todo": {
        "runtimeSource": "embedded",
        "connection": {
          "connectionReferenceLogicalName": "ear_sharedtodo_e79dc"
        },
        "api": {
          "name": "shared_todo"
        }
      },
      "shared_onenote": {
        "runtimeSource": "embedded",
        "connection": {
          "connectionReferenceLogicalName": "ear_sharedonenote_10a36"
        },
        "api": {
          "name": "shared_onenote"
        }
      },
      "shared_teams": {
        "runtimeSource": "embedded",
        "connection": {
          "connectionReferenceLogicalName": "ear_Teams"
        },
        "api": {
          "name": "shared_teams"
        }
      }
    },
    "definition": {
      "$schema": "https://schema.management.azure.com/providers/Microsoft.Logic/schemas/2016-06-01/workflowdefinition.json#",
      "contentVersion": "1.0.0.0",
      "parameters": {
        "$authentication": {
          "defaultValue": {},
          "type": "SecureObject"
        },
        "$connections": {
          "defaultValue": {},
          "type": "Object"
        }
      },
      "triggers": {
        "manual": {
          "metadata": {
            "operationMetadataId": "70dfc499-7186-4035-bd91-6eeedb612c8d"
          },
          "type": "Request",
          "kind": "Button",
          "inputs": {
            "schema": {
              "type": "object",
              "properties": {
                "number": {
                  "title": "ID",
                  "type": "number",
                  "x-ms-dynamically-added": true,
                  "description": "Please enter a the item ID",
                  "x-ms-content-hint": "NUMBER"
                },
                "text_1": {
                  "title": "Comment",
                  "type": "string",
                  "x-ms-dynamically-added": true,
                  "description": "Please enter your comment",
                  "x-ms-content-hint": "TEXT"
                },
                "text_2": {
                  "title": "Link",
                  "type": "string",
                  "x-ms-dynamically-added": true,
                  "description": "Please enter the link to the article",
                  "x-ms-content-hint": "TEXT"
                },
                "text_3": {
                  "description": "Please enter your input",
                  "title": "Title",
                  "type": "string",
                  "x-ms-content-hint": "TEXT",
                  "x-ms-dynamically-added": true
                }
              },
              "required": [
                "number",
                "text_1",
                "text_2",
                "text_3"
              ]
            }
          }
        }
      },
      "actions": {
        "Scope_-_Add_Task_and_OneNote": {
          "actions": {
            "Add_a_to-do_(V3)": {
              "metadata": {
                "operationMetadataId": "0ee9f56a-c962-4335-ab78-9db7c88506c8"
              },
              "type": "OpenApiConnection",
              "inputs": {
                "parameters": {
                  "folderId": "AAMkAGViNzkzNDhiLTI0MDYtNDA4YS04OWU4LTc2OTliMWRmOTM0OQAuAAAAAADKlxWFFaxoS55RWUiT93pmAQCtPCNcO-eNSK5MpDiJPZi-AAnLM2zsAAA=",
                  "body/title": "@triggerBody()?['text_3']",
                  "body/importance": "normal",
                  "body/status": "notStarted",
                  "body/body/content": "<p>@{triggerBody()?['text_1']}</p><br><p>@{triggerBody()?['text_2']}</p>"
                },
                "host": {
                  "apiId": "/providers/Microsoft.PowerApps/apis/shared_todo",
                  "operationId": "CreateToDoV3",
                  "connectionName": "shared_todo"
                }
              }
            },
            "Create_page_in_a_section": {
              "runAfter": {
                "Add_a_to-do_(V3)": [
                  "Succeeded"
                ]
              },
              "metadata": {
                "operationMetadataId": "935736be-8f4d-4020-9a89-ab9b7e76d4af"
              },
              "type": "OpenApiConnection",
              "inputs": {
                "parameters": {
                  "notebookKey": "Personal Knowledge Management|$|https://eardley-my.sharepoint.com/personal/al_eardley_org_uk/Documents/Notebooks/Personal Knowledge Management",
                  "sectionId": "https://www.onenote.com/api/v1.0/myOrganization/siteCollections/059dd0bd-9f6c-478b-9bb4-6ff441d29855/sites/4659a66c-a77f-4645-8419-845c5e388362/notes/sections/1-c9fcf233-b1bf-41de-b388-4d842880f08b/pages",
                  "pageContent": "<p>@{triggerBody()?['text_3']}</p><br><p>@{triggerBody()?['text_2']}</p><br><p>@{triggerBody()?['text_1']}</p>"
                },
                "host": {
                  "apiId": "/providers/Microsoft.PowerApps/apis/shared_onenote",
                  "operationId": "CreatePageInSection",
                  "connectionName": "shared_onenote"
                }
              }
            }
          },
          "runAfter": {},
          "metadata": {
            "operationMetadataId": "581b6c71-0c23-43e5-a828-35287c17a2b7"
          },
          "type": "Scope"
        },
        "Scope_-_Success": {
          "actions": {
            "Respond_to_a_PowerApp_or_flow": {
              "metadata": {
                "operationMetadataId": "ab6ec108-53c7-4b19-bb47-b75bfc524de2"
              },
              "type": "Response",
              "kind": "PowerApp",
              "inputs": {
                "schema": {
                  "type": "object",
                  "properties": {
                    "response": {
                      "title": "Response",
                      "x-ms-dynamically-added": true,
                      "type": "number"
                    }
                  },
                  "additionalProperties": {}
                },
                "statusCode": 200,
                "body": {
                  "response": "Success"
                }
              }
            }
          },
          "runAfter": {
            "Scope_-_Add_Task_and_OneNote": [
              "Succeeded"
            ]
          },
          "metadata": {
            "operationMetadataId": "bf9a23ba-e4da-4114-b94c-3b85dc419a17"
          },
          "type": "Scope"
        },
        "Scope_-_Failure": {
          "actions": {
            "Post_message_in_a_chat_or_channel": {
              "metadata": {
                "operationMetadataId": "9a67ab3f-8b63-483b-a34f-11a49c5258df"
              },
              "type": "OpenApiConnection",
              "inputs": {
                "parameters": {
                  "poster": "Flow bot",
                  "location": "Chat with Flow bot",
                  "body/recipient": "Al@eardley.org.uk;",
                  "body/messageBody": "<p>Flow Failure: @{workflow().tags.flowdisplayname} - @{triggerBody()?['number']}</p>"
                },
                "host": {
                  "apiId": "/providers/Microsoft.PowerApps/apis/shared_teams",
                  "operationId": "PostMessageToConversation",
                  "connectionName": "shared_teams"
                }
              }
            },
            "Terminate_2": {
              "runAfter": {
                "Post_message_in_a_chat_or_channel": [
                  "Succeeded"
                ]
              },
              "metadata": {
                "operationMetadataId": "2285cbf0-d977-4a4b-a380-35d46dbcc3cc"
              },
              "type": "Terminate",
              "inputs": {
                "runStatus": "Failed",
                "runError": {
                  "code": "Failed",
                  "message": "Failed"
                }
              }
            }
          },
          "runAfter": {
            "Scope_-_Add_Task_and_OneNote": [
              "Failed",
              "Skipped",
              "TimedOut"
            ]
          },
          "metadata": {
            "operationMetadataId": "51598e15-8396-45fd-9fa4-8a16e7dcf0cd"
          },
          "type": "Scope"
        }
      }
    },
    "templateName": null
  },
  "schemaVersion": "1.0.0.0"
}