{
  "properties": {
    "connectionReferences": {
      "shared_linkedinv2": {
        "runtimeSource": "embedded",
        "connection": {
          "connectionReferenceLogicalName": "ear_sharedlinkedinv2_c6231"
        },
        "api": {
          "name": "shared_linkedinv2"
        }
      },
      "shared_teams": {
        "runtimeSource": "embedded",
        "connection": {
          "connectionReferenceLogicalName": "ear_Teams"
        },
        "api": {
          "name": "shared_teams"
        }
      }
    },
    "definition": {
      "$schema": "https://schema.management.azure.com/providers/Microsoft.Logic/schemas/2016-06-01/workflowdefinition.json#",
      "contentVersion": "1.0.0.0",
      "parameters": {
        "$authentication": {
          "defaultValue": {},
          "type": "SecureObject"
        },
        "$connections": {
          "defaultValue": {},
          "type": "Object"
        }
      },
      "triggers": {
        "manual": {
          "metadata": {
            "operationMetadataId": "70dfc499-7186-4035-bd91-6eeedb612c8d"
          },
          "type": "Request",
          "kind": "Button",
          "inputs": {
            "schema": {
              "type": "object",
              "properties": {
                "number": {
                  "title": "ID",
                  "type": "number",
                  "x-ms-dynamically-added": true,
                  "description": "Please enter a the item ID",
                  "x-ms-content-hint": "NUMBER"
                },
                "text": {
                  "title": "Chat ID",
                  "type": "string",
                  "x-ms-dynamically-added": true,
                  "description": "Please enter your Teams Chat ID",
                  "x-ms-content-hint": "TEXT"
                },
                "text_1": {
                  "title": "Comment",
                  "type": "string",
                  "x-ms-dynamically-added": true,
                  "description": "Please enter your comment",
                  "x-ms-content-hint": "TEXT"
                },
                "text_2": {
                  "title": "Link",
                  "type": "string",
                  "x-ms-dynamically-added": true,
                  "description": "Please enter the link to the article",
                  "x-ms-content-hint": "TEXT"
                }
              },
              "required": [
                "number",
                "text",
                "text_1",
                "text_2"
              ]
            }
          }
        }
      },
      "actions": {
        "Scope_-_Share_(LinkedIn)": {
          "actions": {
            "Share_an_article_V2": {
              "metadata": {
                "operationMetadataId": "c4e6bc8e-a794-4227-947b-05ce5092035c"
              },
              "type": "OpenApiConnection",
              "inputs": {
                "parameters": {
                  "body/content/content-url": "@triggerBody()['text_2']",
                  "body/distribution/linkedInDistributionTarget/visibleToGuest": true,
                  "body/text/text": "@triggerBody()['text_1']"
                },
                "host": {
                  "apiId": "/providers/Microsoft.PowerApps/apis/shared_linkedinv2",
                  "operationId": "ShareUpdateV2",
                  "connectionName": "shared_linkedinv2"
                }
              }
            }
          },
          "runAfter": {},
          "metadata": {
            "operationMetadataId": "581b6c71-0c23-43e5-a828-35287c17a2b7"
          },
          "type": "Scope"
        },
        "Scope_-_Success": {
          "actions": {
            "Respond_to_a_PowerApp_or_flow": {
              "metadata": {
                "operationMetadataId": "ab6ec108-53c7-4b19-bb47-b75bfc524de2"
              },
              "type": "Response",
              "kind": "PowerApp",
              "inputs": {
                "schema": {
                  "type": "object",
                  "properties": {
                    "response": {
                      "title": "Response",
                      "x-ms-dynamically-added": true,
                      "type": "number"
                    }
                  },
                  "additionalProperties": {}
                },
                "statusCode": 200,
                "body": {
                  "response": "Success"
                }
              }
            }
          },
          "runAfter": {
            "Scope_-_Share_(LinkedIn)": [
              "Succeeded"
            ]
          },
          "metadata": {
            "operationMetadataId": "bf9a23ba-e4da-4114-b94c-3b85dc419a17"
          },
          "type": "Scope"
        },
        "Scope_-_Failure": {
          "actions": {
            "Post_message_in_a_chat_or_channel": {
              "metadata": {
                "operationMetadataId": "9a67ab3f-8b63-483b-a34f-11a49c5258df"
              },
              "type": "OpenApiConnection",
              "inputs": {
                "parameters": {
                  "poster": "Flow bot",
                  "location": "Chat with Flow bot",
                  "body/recipient": "Al@eardley.org.uk;",
                  "body/messageBody": "<p>Flow Failure: @{workflow().tags.flowdisplayname} - @{triggerBody()?['number']}</p>"
                },
                "host": {
                  "apiId": "/providers/Microsoft.PowerApps/apis/shared_teams",
                  "operationId": "PostMessageToConversation",
                  "connectionName": "shared_teams"
                }
              }
            },
            "Terminate_2": {
              "runAfter": {
                "Post_message_in_a_chat_or_channel": [
                  "Succeeded"
                ]
              },
              "metadata": {
                "operationMetadataId": "2285cbf0-d977-4a4b-a380-35d46dbcc3cc"
              },
              "type": "Terminate",
              "inputs": {
                "runStatus": "Failed",
                "runError": {
                  "code": "Failed",
                  "message": "Failed"
                }
              }
            }
          },
          "runAfter": {
            "Scope_-_Share_(LinkedIn)": [
              "TimedOut",
              "Skipped",
              "Failed"
            ]
          },
          "metadata": {
            "operationMetadataId": "51598e15-8396-45fd-9fa4-8a16e7dcf0cd"
          },
          "type": "Scope"
        }
      }
    },
    "templateName": null
  },
  "schemaVersion": "1.0.0.0"
}