{
  "properties": {
    "connectionReferences": {
      "shared_sharepointonline": {
        "runtimeSource": "embedded",
        "connection": {
          "connectionReferenceLogicalName": "ear_SharePoint"
        },
        "api": {
          "name": "shared_sharepointonline"
        }
      },
      "shared_teams": {
        "runtimeSource": "embedded",
        "connection": {
          "connectionReferenceLogicalName": "ear_Teams"
        },
        "api": {
          "name": "shared_teams"
        }
      }
    },
    "definition": {
      "$schema": "https://schema.management.azure.com/providers/Microsoft.Logic/schemas/2016-06-01/workflowdefinition.json#",
      "contentVersion": "1.0.0.0",
      "parameters": {
        "$authentication": {
          "defaultValue": {},
          "type": "SecureObject"
        },
        "$connections": {
          "defaultValue": {},
          "type": "Object"
        }
      },
      "triggers": {
        "manual": {
          "metadata": {
            "operationMetadataId": "70dfc499-7186-4035-bd91-6eeedb612c8d"
          },
          "type": "Request",
          "kind": "Button",
          "inputs": {
            "schema": {
              "type": "object",
              "properties": {
                "number": {
                  "title": "ID",
                  "type": "number",
                  "x-ms-dynamically-added": true,
                  "description": "Please enter a the item ID",
                  "x-ms-content-hint": "NUMBER"
                },
                "text": {
                  "title": "Chat ID",
                  "type": "string",
                  "x-ms-dynamically-added": true,
                  "description": "Please enter your Teams Chat ID",
                  "x-ms-content-hint": "TEXT"
                },
                "text_1": {
                  "title": "Comment",
                  "type": "string",
                  "x-ms-dynamically-added": true,
                  "description": "Please enter your comment",
                  "x-ms-content-hint": "TEXT"
                },
                "text_2": {
                  "description": "Please enter your input",
                  "title": "Action",
                  "type": "string",
                  "x-ms-content-hint": "TEXT",
                  "x-ms-dynamically-added": true
                }
              },
              "required": [
                "number",
                "text",
                "text_1",
                "text_2"
              ]
            }
          }
        }
      },
      "actions": {
        "Scope_-_Update_item": {
          "actions": {
            "Get_item": {
              "metadata": {
                "operationMetadataId": "d144cb39-34b2-4363-9992-e12a8557367f"
              },
              "type": "OpenApiConnection",
              "inputs": {
                "parameters": {
                  "dataset": "https://eardley.sharepoint.com/teams/News",
                  "table": "391bd402-1edb-440c-852b-741d15649195",
                  "id": "@triggerBody()['number']"
                },
                "host": {
                  "apiId": "/providers/Microsoft.PowerApps/apis/shared_sharepointonline",
                  "operationId": "GetItem",
                  "connectionName": "shared_sharepointonline"
                }
              }
            },
            "Update_item": {
              "runAfter": {
                "Get_item": [
                  "Succeeded"
                ]
              },
              "metadata": {
                "operationMetadataId": "3e282fa3-497d-4b95-a53b-26f82008558b"
              },
              "type": "OpenApiConnection",
              "inputs": {
                "parameters": {
                  "dataset": "https://eardley.sharepoint.com/teams/News",
                  "table": "391bd402-1edb-440c-852b-741d15649195",
                  "id": "@triggerBody()['number']",
                  "item/Title": "@outputs('Get_item')?['body/Title']",
                  "item/Description": "<p>@{triggerBody()['text_1']}</p>",
                  "item/PublishDate": "@outputs('Get_item')?['body/PublishDate']",
                  "item/Link": "@outputs('Get_item')?['body/Link']",
                  "item/Source": "@outputs('Get_item')?['body/Source']",
                  "item/Status/Value": "@{outputs('Compose_-_Action')}"
                },
                "host": {
                  "apiId": "/providers/Microsoft.PowerApps/apis/shared_sharepointonline",
                  "operationId": "PatchItem",
                  "connectionName": "shared_sharepointonline"
                }
              }
            },
            "Compose_-_Adaptive_Card": {
              "runAfter": {
                "Update_item": [
                  "Succeeded"
                ]
              },
              "metadata": {
                "operationMetadataId": "8e20378d-0c9f-48c7-918f-1addc4ca686d"
              },
              "type": "Compose",
              "inputs": {
                "type": "AdaptiveCard",
                "body": [
                  {
                    "type": "TextBlock",
                    "size": "medium",
                    "weight": "bolder",
                    "text": "New Blog from @{outputs('Get_item')?['body/Source']}",
                    "style": "heading",
                    "wrap": true
                  },
                  {
                    "type": "ColumnSet",
                    "columns": [
                      {
                        "type": "Column",
                        "items": [
                          {
                            "type": "TextBlock",
                            "weight": "bolder",
                            "text": "@{outputs('Get_item')?['body/Title']}",
                            "wrap": true
                          },
                          {
                            "type": "TextBlock",
                            "spacing": "none",
                            "text": "Published @{outputs('Get_item')?['body/PublishDate']}",
                            "isSubtle": true,
                            "wrap": true
                          },
                          {
                            "type": "TextBlock",
                            "spacing": "none",
                            "text": "Action: @{outputs('Compose_-_Action')}",
                            "isSubtle": true,
                            "wrap": true
                          },
                          {
                            "type": "TextBlock",
                            "spacing": "none",
                            "text": "@{triggerBody()['text_1']}",
                            "isSubtle": true,
                            "wrap": true
                          }
                        ],
                        "width": "stretch"
                      }
                    ]
                  }
                ],
                "actions": [
                  {
                    "type": "Action.OpenUrl",
                    "title": "View",
                    "url": "@{outputs('Get_item')?['body/Link']}"
                  }
                ],
                "$schema": "http://adaptivecards.io/schemas/adaptive-card.json",
                "version": "1.4"
              }
            },
            "Update_an_adaptive_card_in_a_chat_or_channel": {
              "runAfter": {
                "Compose_-_Adaptive_Card": [
                  "Succeeded"
                ]
              },
              "metadata": {
                "operationMetadataId": "d05482c9-cfd3-444b-84a0-b13357af8d12"
              },
              "type": "OpenApiConnection",
              "inputs": {
                "parameters": {
                  "poster": "Flow bot",
                  "location": "Channel",
                  "body/messageId": "@triggerBody()['text']",
                  "body/recipient/groupId": "cd5cb7c3-0490-43a6-895c-efc739fa3202",
                  "body/recipient/channelId": "19:9bc5ea0904b344529c6661928a34fd62@thread.tacv2",
                  "body/messageBody": "@outputs('Compose_-_Adaptive_Card')"
                },
                "host": {
                  "apiId": "/providers/Microsoft.PowerApps/apis/shared_teams",
                  "operationId": "UpdateCardInConversation",
                  "connectionName": "shared_teams"
                }
              }
            }
          },
          "runAfter": {
            "Compose_-_Action": [
              "Succeeded"
            ]
          },
          "metadata": {
            "operationMetadataId": "c53f36db-6d6c-4f04-88e8-2e0eb4890b8d"
          },
          "type": "Scope"
        },
        "Scope_-_Success": {
          "actions": {
            "Respond_to_a_PowerApp_or_flow": {
              "metadata": {
                "operationMetadataId": "ab6ec108-53c7-4b19-bb47-b75bfc524de2"
              },
              "type": "Response",
              "kind": "PowerApp",
              "inputs": {
                "schema": {
                  "type": "object",
                  "properties": {
                    "response": {
                      "title": "Response",
                      "x-ms-dynamically-added": true,
                      "type": "number"
                    }
                  },
                  "additionalProperties": {}
                },
                "statusCode": 200,
                "body": {
                  "response": "Success"
                }
              }
            }
          },
          "runAfter": {
            "Scope_-_Update_item": [
              "Succeeded"
            ]
          },
          "metadata": {
            "operationMetadataId": "bf9a23ba-e4da-4114-b94c-3b85dc419a17"
          },
          "type": "Scope"
        },
        "Scope_-_Failure": {
          "actions": {
            "Post_message_in_a_chat_or_channel_2": {
              "metadata": {
                "operationMetadataId": "9a67ab3f-8b63-483b-a34f-11a49c5258df"
              },
              "type": "OpenApiConnection",
              "inputs": {
                "parameters": {
                  "poster": "Flow bot",
                  "location": "Chat with Flow bot",
                  "body/recipient": "Al@eardley.org.uk;",
                  "body/messageBody": "<p>Flow Failure: @{workflow().tags.flowdisplayname} - @{outputs('Update_item')?['body/Title']}</p>"
                },
                "host": {
                  "apiId": "/providers/Microsoft.PowerApps/apis/shared_teams",
                  "operationId": "PostMessageToConversation",
                  "connectionName": "shared_teams"
                }
              }
            },
            "Terminate_2": {
              "runAfter": {
                "Post_message_in_a_chat_or_channel_2": [
                  "Succeeded"
                ]
              },
              "metadata": {
                "operationMetadataId": "2285cbf0-d977-4a4b-a380-35d46dbcc3cc"
              },
              "type": "Terminate",
              "inputs": {
                "runStatus": "Failed",
                "runError": {
                  "code": "Failed",
                  "message": "Failed"
                }
              }
            }
          },
          "runAfter": {
            "Scope_-_Update_item": [
              "TimedOut",
              "Skipped",
              "Failed"
            ]
          },
          "metadata": {
            "operationMetadataId": "51598e15-8396-45fd-9fa4-8a16e7dcf0cd"
          },
          "type": "Scope"
        },
        "Compose_-_Action": {
          "runAfter": {},
          "type": "Compose",
          "inputs": "@if(equals(TriggerBody()?['text_2'],'Ignore'),'Ignored',if(equals(TriggerBody()?['text_2'],'Personal'),'Personal',if(equals(TriggerBody()?['text_2'],'Share'),'Shared','')))"
        }
      }
    },
    "templateName": null
  },
  "schemaVersion": "1.0.0.0"
}