<ImportExportXml version="9.2.23112.216" SolutionPackageVersion="9.2" languagecode="1033" generatedBy="CrmLive" xmlns:xsi="http://www.w3.org/2001/XMLSchema-instance">
  <SolutionManifest>
    <UniqueName>BlogNotifications</UniqueName>
    <LocalizedNames>
      <LocalizedName description="Blog Notifications" languagecode="1033" />
    </LocalizedNames>
    <Descriptions />
    <Version>1.0.0.2</Version>
    <Managed>0</Managed>
    <Publisher>
      <UniqueName>Eardley</UniqueName>
      <LocalizedNames>
        <LocalizedName description="Eardley" languagecode="1033" />
      </LocalizedNames>
      <Descriptions />
      <EMailAddress xsi:nil="true"></EMailAddress>
      <SupportingWebsiteUrl xsi:nil="true"></SupportingWebsiteUrl>
      <CustomizationPrefix>ear</CustomizationPrefix>
      <CustomizationOptionValuePrefix>79490</CustomizationOptionValuePrefix>
      <Addresses>
        <Address>
          <AddressNumber>1</AddressNumber>
          <AddressTypeCode>1</AddressTypeCode>
          <City xsi:nil="true"></City>
          <County xsi:nil="true"></County>
          <Country xsi:nil="true"></Country>
          <Fax xsi:nil="true"></Fax>
          <FreightTermsCode xsi:nil="true"></FreightTermsCode>
          <ImportSequenceNumber xsi:nil="true"></ImportSequenceNumber>
          <Latitude xsi:nil="true"></Latitude>
          <Line1 xsi:nil="true"></Line1>
          <Line2 xsi:nil="true"></Line2>
          <Line3 xsi:nil="true"></Line3>
          <Longitude xsi:nil="true"></Longitude>
          <Name xsi:nil="true"></Name>
          <PostalCode xsi:nil="true"></PostalCode>
          <PostOfficeBox xsi:nil="true"></PostOfficeBox>
          <PrimaryContactName xsi:nil="true"></PrimaryContactName>
          <ShippingMethodCode>1</ShippingMethodCode>
          <StateOrProvince xsi:nil="true"></StateOrProvince>
          <Telephone1 xsi:nil="true"></Telephone1>
          <Telephone2 xsi:nil="true"></Telephone2>
          <Telephone3 xsi:nil="true"></Telephone3>
          <TimeZoneRuleVersionNumber xsi:nil="true"></TimeZoneRuleVersionNumber>
          <UPSZone xsi:nil="true"></UPSZone>
          <UTCOffset xsi:nil="true"></UTCOffset>
          <UTCConversionTimeZoneCode xsi:nil="true"></UTCConversionTimeZoneCode>
        </Address>
        <Address>
          <AddressNumber>2</AddressNumber>
          <AddressTypeCode>1</AddressTypeCode>
          <City xsi:nil="true"></City>
          <County xsi:nil="true"></County>
          <Country xsi:nil="true"></Country>
          <Fax xsi:nil="true"></Fax>
          <FreightTermsCode xsi:nil="true"></FreightTermsCode>
          <ImportSequenceNumber xsi:nil="true"></ImportSequenceNumber>
          <Latitude xsi:nil="true"></Latitude>
          <Line1 xsi:nil="true"></Line1>
          <Line2 xsi:nil="true"></Line2>
          <Line3 xsi:nil="true"></Line3>
          <Longitude xsi:nil="true"></Longitude>
          <Name xsi:nil="true"></Name>
          <PostalCode xsi:nil="true"></PostalCode>
          <PostOfficeBox xsi:nil="true"></PostOfficeBox>
          <PrimaryContactName xsi:nil="true"></PrimaryContactName>
          <ShippingMethodCode>1</ShippingMethodCode>
          <StateOrProvince xsi:nil="true"></StateOrProvince>
          <Telephone1 xsi:nil="true"></Telephone1>
          <Telephone2 xsi:nil="true"></Telephone2>
          <Telephone3 xsi:nil="true"></Telephone3>
          <TimeZoneRuleVersionNumber xsi:nil="true"></TimeZoneRuleVersionNumber>
          <UPSZone xsi:nil="true"></UPSZone>
          <UTCOffset xsi:nil="true"></UTCOffset>
          <UTCConversionTimeZoneCode xsi:nil="true"></UTCConversionTimeZoneCode>
        </Address>
      </Addresses>
    </Publisher>
    <RootComponents>
      <RootComponent type="29" id="{010da7ec-2402-ee11-8f6e-00224888ce13}" behavior="0" />
      <RootComponent type="29" id="{03417cd1-1b02-ee11-8f6e-00224888ce13}" behavior="0" />
      <RootComponent type="29" id="{0401f4f9-2102-ee11-8f6e-00224888ce13}" behavior="0" />
      <RootComponent type="29" id="{050bae7e-2302-ee11-8f6e-00224888ce13}" behavior="0" />
      <RootComponent type="29" id="{17e3cd0a-f8e0-ed11-a7c6-000d3a4a19a0}" behavior="0" />
      <RootComponent type="29" id="{1805cf0e-2602-ee11-8f6e-00224888ce13}" behavior="0" />
      <RootComponent type="29" id="{1b8f724f-8ce6-ed11-a7c5-000d3a4a19a0}" behavior="0" />
      <RootComponent type="29" id="{2d7039c6-8de6-ed11-a7c5-000d3a4a19a0}" behavior="0" />
      <RootComponent type="29" id="{36ff1834-1602-ee11-8f6e-00224888ce13}" behavior="0" />
      <RootComponent type="29" id="{3ad77637-1b02-ee11-8f6e-00224888ce13}" behavior="0" />
      <RootComponent type="29" id="{3dc41c56-2502-ee11-8f6e-00224888ce13}" behavior="0" />
      <RootComponent type="29" id="{404e206d-2002-ee11-8f6e-00224888ce13}" behavior="0" />
      <RootComponent type="29" id="{42a549f7-2202-ee11-8f6e-00224888ce13}" behavior="0" />
      <RootComponent type="29" id="{49047984-2102-ee11-8f6e-00224888ce13}" behavior="0" />
      <RootComponent type="29" id="{59738689-9575-ee11-8179-000d3aa85045}" behavior="0" />
      <RootComponent type="29" id="{59cf746f-2602-ee11-8f6e-00224888ce13}" behavior="0" />
      <RootComponent type="29" id="{59e0bef9-2002-ee11-8f6e-00224888ce13}" behavior="0" />
      <RootComponent type="29" id="{5d3f48ba-1f02-ee11-8f6e-00224888ce13}" behavior="0" />
      <RootComponent type="29" id="{601a479a-0ae1-ed11-a7c6-000d3a4a19a0}" behavior="0" />
      <RootComponent type="29" id="{6540ce4a-89e6-ed11-a7c5-000d3a4a19a0}" behavior="0" />
      <RootComponent type="29" id="{6a60452c-9075-ee11-8179-000d3aa85045}" behavior="0" />
      <RootComponent type="29" id="{6f9124e0-1602-ee11-8f6e-00224888ce13}" behavior="0" />
      <RootComponent type="29" id="{75a525d8-1e02-ee11-8f6e-00224888ce13}" behavior="0" />
      <RootComponent type="29" id="{7867dd2a-8ae6-ed11-a7c5-000d3a4a19a0}" behavior="0" />
      <RootComponent type="29" id="{7878624c-8be6-ed11-a7c5-000d3a4a19a0}" behavior="0" />
      <RootComponent type="29" id="{7956cea4-fce0-ed11-a7c6-000d3a4a19a0}" behavior="0" />
      <RootComponent type="29" id="{79a13c81-1a02-ee11-8f6e-00224888ce13}" behavior="0" />
      <RootComponent type="29" id="{7c87e4a3-1d02-ee11-8f6e-00224888ce13}" behavior="0" />
      <RootComponent type="29" id="{7e0bfd8b-2402-ee11-8f6e-00224888ce13}" behavior="0" />
      <RootComponent type="29" id="{801204af-2502-ee11-8f6e-00224888ce13}" behavior="0" />
      <RootComponent type="29" id="{9484c539-f5e0-ed11-a7c6-000d3a4a19a0}" behavior="0" />
      <RootComponent type="29" id="{9f8ec716-2402-ee11-8f6e-00224888ce13}" behavior="0" />
      <RootComponent type="29" id="{a2dc82dc-1802-ee11-8f6e-00224888ce13}" behavior="0" />
      <RootComponent type="29" id="{c37dfb4c-1802-ee11-8f6e-00224888ce13}" behavior="0" />
      <RootComponent type="29" id="{c3b5c510-2002-ee11-8f6e-00224888ce13}" behavior="0" />
      <RootComponent type="29" id="{c4bfc790-1902-ee11-8f6e-00224888ce13}" behavior="0" />
      <RootComponent type="29" id="{cba49a2c-1d02-ee11-8f6e-00224888ce13}" behavior="0" />
      <RootComponent type="29" id="{cf396315-1a02-ee11-8f6e-00224888ce13}" behavior="0" />
      <RootComponent type="29" id="{d6a4b989-2202-ee11-8f6e-00224888ce13}" behavior="0" />
      <RootComponent type="29" id="{da1fd8c1-89e6-ed11-a7c5-000d3a4a19a0}" behavior="0" />
      <RootComponent type="29" id="{de66f0c5-2602-ee11-8f6e-00224888ce13}" behavior="0" />
      <RootComponent type="29" id="{e09fd998-1c02-ee11-8f6e-00224888ce13}" behavior="0" />
      <RootComponent type="29" id="{e39e9c61-1f02-ee11-8f6e-00224888ce13}" behavior="0" />
      <RootComponent type="29" id="{fc3cb3ce-8de6-ed11-a7c5-000d3a4a19a0}" behavior="0" />
    </RootComponents>
    <MissingDependencies />
  </SolutionManifest>
</ImportExportXml>